﻿06/Apr/2020 02:40:02,TRACE,Opening applications...
06/Apr/2020 02:40:02,INFO,Supplier Name: DU
06/Apr/2020 02:40:02,INFO,Processing Transaction Number: 1
06/Apr/2020 02:40:03,INFO,Downloading 'DU' support files started
06/Apr/2020 02:40:03,INFO,Files to be downloaded: 9
06/Apr/2020 02:40:03,INFO,Downloading 'SOA_FAB.xlsx' file from: C:\Users\HyperPro\Documents\UiPath\FAB_Telecom Expense Management\Data\Config.xlsx
06/Apr/2020 02:40:03,INFO,Downloading 'Master_FAB.xlsx' file from: C:\Users\HyperPro\Documents\UiPath\FAB_Telecom Expense Management\Data\Config.xlsx
06/Apr/2020 02:40:03,INFO,Downloading 'Upload_VAT.xlsx' file from: C:\Users\HyperPro\Documents\UiPath\FAB_Telecom Expense Management\Data\Config.xlsx
06/Apr/2020 02:40:03,INFO,Downloading 'Upload_NonVAT.xlsx' file from: C:\Users\HyperPro\Documents\UiPath\FAB_Telecom Expense Management\Data\Config.xlsx
06/Apr/2020 02:40:03,INFO,Downloading 'Rem_VAT.xlsx' file from: C:\Users\HyperPro\Documents\UiPath\FAB_Telecom Expense Management\Data\Config.xlsx
06/Apr/2020 02:40:03,INFO,Downloading 'Rem_NonVAT.xlsx' file from: C:\Users\HyperPro\Documents\UiPath\FAB_Telecom Expense Management\Data\Config.xlsx
06/Apr/2020 02:40:03,INFO,Downloading 'Map_VOICE.xlsx' file from: C:\Users\HyperPro\Documents\UiPath\FAB_Telecom Expense Management\Data\Config.xlsx
06/Apr/2020 02:40:03,INFO,Downloading 'Map_DATA.xlsx' file from: C:\Users\HyperPro\Documents\UiPath\FAB_Telecom Expense Management\Data\Config.xlsx
06/Apr/2020 02:40:03,INFO,Downloading 'Map_SMS.xlsx' file from: C:\Users\HyperPro\Documents\UiPath\FAB_Telecom Expense Management\Data\Config.xlsx
06/Apr/2020 02:40:03,INFO,Downloading DU support files completed
06/Apr/2020 02:40:04,INFO,Transaction Successful.
06/Apr/2020 02:40:04,INFO,Supplier Name: Etisalat
06/Apr/2020 02:40:04,INFO,Processing Transaction Number: 2
06/Apr/2020 02:40:04,INFO,Downloading 'Etisalat' support files started
06/Apr/2020 02:40:04,INFO,Files to be downloaded: 13
06/Apr/2020 02:40:04,INFO,Downloading 'SOA_FAB.xlsx' file from:
06/Apr/2020 02:40:04,ERROR,Failed to download file:  : Path unknown; at : System.Activities
06/Apr/2020 02:40:04,INFO,Downloading 'SOA_FGB.xlsx' file from:
06/Apr/2020 02:40:04,ERROR,Failed to download file:  : Path unknown; at : System.Activities
06/Apr/2020 02:40:04,INFO,Downloading 'SOA_FAB.xlsx' file from:
06/Apr/2020 02:40:04,ERROR,Failed to download file:  : Path unknown; at : System.Activities
06/Apr/2020 02:40:04,INFO,Downloading 'Master_FAB.xlsx' file from:
06/Apr/2020 02:40:04,ERROR,Failed to download file:  : Path unknown; at : System.Activities
06/Apr/2020 02:40:04,INFO,Downloading 'Master_FGB.xlsx' file from:
06/Apr/2020 02:40:04,ERROR,Failed to download file:  : Path unknown; at : System.Activities
06/Apr/2020 02:40:04,INFO,Downloading 'Master_LNBAD.xlsx' file from:
06/Apr/2020 02:40:04,ERROR,Failed to download file:  : Path unknown; at : System.Activities
06/Apr/2020 02:40:04,INFO,Downloading 'Upload_VAT.xlsx' file from:
06/Apr/2020 02:40:04,ERROR,Failed to download file:  : Path unknown; at : System.Activities
06/Apr/2020 02:40:04,INFO,Downloading 'Upload_NonVAT.xlsx' file from:
06/Apr/2020 02:40:04,ERROR,Failed to download file:  : Path unknown; at : System.Activities
06/Apr/2020 02:40:04,INFO,Downloading 'Rem_VAT.xlsx' file from:
06/Apr/2020 02:40:04,ERROR,Failed to download file:  : Path unknown; at : System.Activities
06/Apr/2020 02:40:04,INFO,Downloading 'Rem_NonVAT.xlsx' file from:
06/Apr/2020 02:40:04,ERROR,Failed to download file:  : Path unknown; at : System.Activities
06/Apr/2020 02:40:05,INFO,Downloading 'Map_VOICE.xlsx' file from:
06/Apr/2020 02:40:05,ERROR,Failed to download file:  : Path unknown; at : System.Activities
06/Apr/2020 02:40:05,INFO,Downloading 'Map_DATA.xlsx' file from:
06/Apr/2020 02:40:05,ERROR,Failed to download file:  : Path unknown; at : System.Activities
06/Apr/2020 02:40:05,INFO,Downloading 'Map_SMS.xlsx' file from:
06/Apr/2020 02:40:05,ERROR,Failed to download file:  : Path unknown; at : System.Activities
06/Apr/2020 02:40:05,INFO,Downloading DU support files completed
06/Apr/2020 02:40:05,WARN,Business rule exception:SOA_FAB.xlsx: Path unknown
SOA_FGB.xlsx: Path unknown
SOA_FAB.xlsx: Path unknown
Master_FAB.xlsx: Path unknown
Master_FGB.xlsx: Path unknown
Master_LNBAD.xlsx: Path unknown
Upload_VAT.xlsx: Path unknown
Upload_NonVAT.xlsx: Path unknown
Rem_VAT.xlsx: Path unknown
Rem_NonVAT.xlsx: Path unknown
Map_VOICE.xlsx: Path unknown
Map_DATA.xlsx: Path unknown
Map_SMS.xlsx: Path unknown
06/Apr/2020 02:40:05,INFO,Supplier Name: Orange
06/Apr/2020 02:40:05,WARN,No input files known for the supplier. The source contains no DataRows.
06/Apr/2020 02:40:05,INFO,Processing Transaction Number: 3
06/Apr/2020 02:40:05,INFO,Downloading 'Orange' support files started
06/Apr/2020 02:40:05,INFO,Files to be downloaded: 0
06/Apr/2020 02:40:05,INFO,Downloading DU support files completed
06/Apr/2020 02:40:05,INFO,Transaction Successful.
06/Apr/2020 02:40:05,INFO,Supplier Name: BT
06/Apr/2020 02:40:05,WARN,No input files known for the supplier. The source contains no DataRows.
06/Apr/2020 02:40:05,INFO,Processing Transaction Number: 4
06/Apr/2020 02:40:05,INFO,Downloading 'BT' support files started
06/Apr/2020 02:40:05,INFO,Files to be downloaded: 0
06/Apr/2020 02:40:06,INFO,Downloading DU support files completed
06/Apr/2020 02:40:06,INFO,Transaction Successful.
06/Apr/2020 02:40:06,INFO,Supplier Name: Equant
06/Apr/2020 02:40:06,WARN,No input files known for the supplier. The source contains no DataRows.
06/Apr/2020 02:40:06,INFO,Processing Transaction Number: 5
06/Apr/2020 02:40:06,INFO,Downloading 'Equant' support files started
06/Apr/2020 02:40:06,INFO,Files to be downloaded: 0
06/Apr/2020 02:40:06,INFO,Downloading DU support files completed
06/Apr/2020 02:40:06,INFO,Transaction Successful.
06/Apr/2020 02:40:06,INFO,Supplier Name: SAFA
06/Apr/2020 02:40:06,WARN,No input files known for the supplier. The source contains no DataRows.
06/Apr/2020 02:40:06,INFO,Processing Transaction Number: 6
06/Apr/2020 02:40:06,INFO,Downloading 'SAFA' support files started
06/Apr/2020 02:40:06,INFO,Files to be downloaded: 0
06/Apr/2020 02:40:06,INFO,Downloading DU support files completed
06/Apr/2020 02:40:06,INFO,Transaction Successful.
06/Apr/2020 02:40:06,INFO,Process finished due to no more transaction data